prompt,ref,pred_base,bleu_base,pred_ret,bleu_ret
fix: Write a function to remove the matching tuples from the given two tuples.,"def remove_matching_tuple(test_list1, test_list2):
  res = [sub for sub in test_list1 if sub not in test_list2]
  return (res) ",,0.0,:::::,0.014531689659023978
fix: Write a function to find number of lists present in the given tuple.,"def find_lists(Input): 
	if isinstance(Input, list): 
		return 1
	else: 
		return len(Input) ",function,0.0,"remove_matching_tuple(test_list1, test_list2):
remove_matching_tuple(test_list1, test_list2):
remove_matching_tuple(test_list1, test_list2):
remove_matching_tuple(test_list1,remove_matching_tuple(test_list2):
remove_matching_tuple(test_list1,remove_",1.6835194086736815
fix: Write a python function to find the first natural number whose factorial is divisible by x.,"def first_Factorial_Divisible_Number(x): 
    i = 1;
    fact = 1; 
    for i in range(1,x): 
        fact = fact * i 
        if (fact % x == 0): 
            break
    return i ",,0.0,::::::::::::::::::::::::::,0.8157221690249191
fix: Write a python function to find the largest number that can be formed with the given digits.,"def find_Max_Num(arr,n) : 
    arr.sort(reverse = True) 
    num = arr[0] 
    for i in range(1,n) : 
        num = num * 10 + arr[i] 
    return num ",,0.0,::::::::::::::::::::::::::,0.7370881863198853
fix: Write a function to print check if the triangle is equilateral or not.,"def check_equilateral(x,y,z):
  if x == y == z:
	   return True
  else:
     return False",,0.0,::::::::::::::::::::::::::,1.8294417150431737
